Workbook

Sheet souhrn
A1: Souhrnný výkaz – maturitní projekt | R1: =NOW() -> 46083.522
A3: mzdové náklady
A4: Zaměstnanec (žák) | D4: Konzultant
A5: měsíc | B5: odpracováno dnů | C5: odpracováno hodin | D5: měsíc | E5: odpracováno dnů | F5: odpracováno hodin
A6: říjen | B6: =říjen!$D$36 -> 31 | C6: =říjen!$C$36 -> 187 | D6: říjen | E6: =říjen!$D$57 -> 1 | F6: =říjen!$C$57 -> 1
A7: listopad | B7: =listopad!$D$37 -> 0 | C7: =listopad!$C$36 -> 96 | D7: listopad | E7: =listopad!$D$57 -> 2 | F7: =listopad!$C$57 -> 5
A8: prosinec | B8: =prosinec!$D$36 -> 30 | C8: =prosinec!$C$36 -> 94 | D8: prosinec | E8: =prosinec!$D$57 -> 2 | F8: =prosinec!$C$57 -> 4
A9: leden | B9: =leden!$D$36 -> 31 | C9: =leden!$C$36 -> 52 | D9: leden | E9: =leden!$D$57 -> 2 | F9: =leden!$C$57 -> 3
A10: únor | B10: =únor!$D$39 -> 0 | C10: =únor!$C$36 -> 46 | D10: únor | E10: =únor!$D$57 -> 0 | F10: =únor!$C$57 -> 0
A11: březen | B11: =březen!$D$36 -> 1 | C11: =březen!$C$36 -> 5 | D11: březen | E11: =březen!$D$57 -> 0 | F11: =březen!$C$57 -> 0
A12: celkem | B12: =SUM(B6:B11) -> 93 | C12: =SUM(C6:C11) -> 480 | D12: celkem | E12: =SUM(E6:E11) -> 7 | F12: =SUM(F6:F11) -> 13
A13: mzda – hodinová | B13: 200 | C13: Kč | D13: mzda – hodinová | E13: 500 | F13: Kč
A14: celkem mzda | C14: =B13*C12 -> 96000 | D14: celkem mzda | F14: =E13*F12 -> 6500
A16: Náklady
A17: materiál - nakoupený | B17: materiál - virtuální
A18: ='náklady – materiál'!D48 -> 4582 | B18: ='náklady – materiál'!E48 -> 571
A20: Celkové náklady
A21: Zaměstnanec (žák) | B21: =C14 -> 96000
A22: Konzultanti | B22: =F14 -> 6500
A23: Náklady – materiál | B23: =A18+B18 -> 5153
A24: Náklady – strojní | B24: =D18 -> 0
A25: celkem | B25: =SUM(B21:C24) -> 107653
A27: Datum a podpis:

Sheet náklady – materiál
A1: Seznam nakoupeného (darovaného) materiálu
A3: datum | B3: položka | C3: ks | D3: celková cena (vč. DPH) | E3: cena virtuální (vč. DPH)
B4: 4xPCB | C4: 1 | D4: 856
B5: Filament | C5: 1 | D5: 500
B6: Plexisklo | C6: 1 | D6: 125
B7: Konektory | C7: 1 | D7: 367
B8: Akumulatory | C8: 2 | E8: 250
B9: Spojovací materiál | C9: 1 | D9: 350
B10: MCU - ESP32-S3 | C10: 3 | D10: 0 | E10: 120
B11: GNSS IO - TESEO-LIV3R | C11: 2 | D11: 0 | E11: 201
B12: IMU - BNO055 | C12: 5 | D12: 154
B13: LiPo charger - BQ25895RTW | C13: 3 | D13: 67
B14: Pasivní součástky | C14: 1 | D14: 523
B15: Aktivní součastky (MOSFETy, diody atd) | C15: 1 | D15: 653
B16: Ostatní Integrované obvody | C16: 1 | D16: 560
B17: LED, Kontrolky, signalizační prvky | C17: 1 | D17: 364
B18: USB to UART převodník modul | C18: 1 | D18: 63
B19: penis
C48: celkem | D48: =SUM(D4:D47) -> 4582 | E48: =SUM(E4:E47) -> 571

Sheet říjen
A1: Pracovní výkaz za měsíc | C1: říjen | D1: 2024 | R1: =NOW() -> 46083.522
A3: Zaměstnanec (žák)
A4: datum | B4: den | C4: odpracováno hodin | D4: náplň práce (stručně)
A5: 45931 | B5: =IF(WEEKDAY(A5)=1, "neděle",IF(WEEKDAY(A5)=2,"pondělí",IF(WEEKDAY(A5)=3,"úterý",IF(WEEKDAY(A5)=4,"středa",IF(WEEKDAY(A5)=5,"čtvrtek",IF(WEEKDAY(A5)=6,"pátek","sobota")))))) -> středa | C5: 100 | D5: Vlastní rešerše a práce (přibližný odhad času za práci nad projektem před záčatkem oficialní práce) | E5: .
A6: 45932 | B6: =IF(WEEKDAY(A6)=1, "neděle",IF(WEEKDAY(A6)=2,"pondělí",IF(WEEKDAY(A6)=3,"úterý",IF(WEEKDAY(A6)=4,"středa",IF(WEEKDAY(A6)=5,"čtvrtek",IF(WEEKDAY(A6)=6,"pátek","sobota")))))) -> čtvrtek | C6: 5 | D6: Rešerše
A7: 45933 | B7: =IF(WEEKDAY(A7)=1, "neděle",IF(WEEKDAY(A7)=2,"pondělí",IF(WEEKDAY(A7)=3,"úterý",IF(WEEKDAY(A7)=4,"středa",IF(WEEKDAY(A7)=5,"čtvrtek",IF(WEEKDAY(A7)=6,"pátek","sobota")))))) -> pátek | C7: 4 | D7: Návrh PCB
A8: 45934 | B8: =IF(WEEKDAY(A8)=1, "neděle",IF(WEEKDAY(A8)=2,"pondělí",IF(WEEKDAY(A8)=3,"úterý",IF(WEEKDAY(A8)=4,"středa",IF(WEEKDAY(A8)=5,"čtvrtek",IF(WEEKDAY(A8)=6,"pátek","sobota")))))) -> sobota | C8: 5 | D8: Návrh PCB
A9: 45935 | B9: =IF(WEEKDAY(A9)=1, "neděle",IF(WEEKDAY(A9)=2,"pondělí",IF(WEEKDAY(A9)=3,"úterý",IF(WEEKDAY(A9)=4,"středa",IF(WEEKDAY(A9)=5,"čtvrtek",IF(WEEKDAY(A9)=6,"pátek","sobota")))))) -> neděle | C9: 5 | D9: Návrh PCB
A10: 45936 | B10: =IF(WEEKDAY(A10)=1, "neděle",IF(WEEKDAY(A10)=2,"pondělí",IF(WEEKDAY(A10)=3,"úterý",IF(WEEKDAY(A10)=4,"středa",IF(WEEKDAY(A10)=5,"čtvrtek",IF(WEEKDAY(A10)=6,"pátek","sobota")))))) -> pondělí | C10: 4 | D10: Rešerše
A11: 45937 | B11: =IF(WEEKDAY(A11)=1, "neděle",IF(WEEKDAY(A11)=2,"pondělí",IF(WEEKDAY(A11)=3,"úterý",IF(WEEKDAY(A11)=4,"středa",IF(WEEKDAY(A11)=5,"čtvrtek",IF(WEEKDAY(A11)=6,"pátek","sobota")))))) -> úterý | C11: 7 | D11: Rešerše
A12: 45938 | B12: =IF(WEEKDAY(A12)=1, "neděle",IF(WEEKDAY(A12)=2,"pondělí",IF(WEEKDAY(A12)=3,"úterý",IF(WEEKDAY(A12)=4,"středa",IF(WEEKDAY(A12)=5,"čtvrtek",IF(WEEKDAY(A12)=6,"pátek","sobota")))))) -> středa | C12: 4 | D12: Rešerše
A13: 45939 | B13: =IF(WEEKDAY(A13)=1, "neděle",IF(WEEKDAY(A13)=2,"pondělí",IF(WEEKDAY(A13)=3,"úterý",IF(WEEKDAY(A13)=4,"středa",IF(WEEKDAY(A13)=5,"čtvrtek",IF(WEEKDAY(A13)=6,"pátek","sobota")))))) -> čtvrtek | C13: 4 | D13: Návrh PCB
A14: 45940 | B14: =IF(WEEKDAY(A14)=1, "neděle",IF(WEEKDAY(A14)=2,"pondělí",IF(WEEKDAY(A14)=3,"úterý",IF(WEEKDAY(A14)=4,"středa",IF(WEEKDAY(A14)=5,"čtvrtek",IF(WEEKDAY(A14)=6,"pátek","sobota")))))) -> pátek | C14: 4 | D14: Rešerše
A15: 45941 | B15: =IF(WEEKDAY(A15)=1, "neděle",IF(WEEKDAY(A15)=2,"pondělí",IF(WEEKDAY(A15)=3,"úterý",IF(WEEKDAY(A15)=4,"středa",IF(WEEKDAY(A15)=5,"čtvrtek",IF(WEEKDAY(A15)=6,"pátek","sobota")))))) -> sobota | C15: 7 | D15: Návrh PCB
A16: 45942 | B16: =IF(WEEKDAY(A16)=1, "neděle",IF(WEEKDAY(A16)=2,"pondělí",IF(WEEKDAY(A16)=3,"úterý",IF(WEEKDAY(A16)=4,"středa",IF(WEEKDAY(A16)=5,"čtvrtek",IF(WEEKDAY(A16)=6,"pátek","sobota")))))) -> neděle | C16: 0
A17: 45943 | B17: =IF(WEEKDAY(A17)=1, "neděle",IF(WEEKDAY(A17)=2,"pondělí",IF(WEEKDAY(A17)=3,"úterý",IF(WEEKDAY(A17)=4,"středa",IF(WEEKDAY(A17)=5,"čtvrtek",IF(WEEKDAY(A17)=6,"pátek","sobota")))))) -> pondělí | C17: 2 | D17: Vytvoření BOM, Návrh PCB
A18: 45944 | B18: =IF(WEEKDAY(A18)=1, "neděle",IF(WEEKDAY(A18)=2,"pondělí",IF(WEEKDAY(A18)=3,"úterý",IF(WEEKDAY(A18)=4,"středa",IF(WEEKDAY(A18)=5,"čtvrtek",IF(WEEKDAY(A18)=6,"pátek","sobota")))))) -> úterý | C18: 2 | D18: Vytvoření BOM
A19: 45945 | B19: =IF(WEEKDAY(A19)=1, "neděle",IF(WEEKDAY(A19)=2,"pondělí",IF(WEEKDAY(A19)=3,"úterý",IF(WEEKDAY(A19)=4,"středa",IF(WEEKDAY(A19)=5,"čtvrtek",IF(WEEKDAY(A19)=6,"pátek","sobota")))))) -> středa | C19: 0
A20: 45946 | B20: =IF(WEEKDAY(A20)=1, "neděle",IF(WEEKDAY(A20)=2,"pondělí",IF(WEEKDAY(A20)=3,"úterý",IF(WEEKDAY(A20)=4,"středa",IF(WEEKDAY(A20)=5,"čtvrtek",IF(WEEKDAY(A20)=6,"pátek","sobota")))))) -> čtvrtek | C20: 0
A21: 45947 | B21: =IF(WEEKDAY(A21)=1, "neděle",IF(WEEKDAY(A21)=2,"pondělí",IF(WEEKDAY(A21)=3,"úterý",IF(WEEKDAY(A21)=4,"středa",IF(WEEKDAY(A21)=5,"čtvrtek",IF(WEEKDAY(A21)=6,"pátek","sobota")))))) -> pátek | C21: 0
A22: 45948 | B22: =IF(WEEKDAY(A22)=1, "neděle",IF(WEEKDAY(A22)=2,"pondělí",IF(WEEKDAY(A22)=3,"úterý",IF(WEEKDAY(A22)=4,"středa",IF(WEEKDAY(A22)=5,"čtvrtek",IF(WEEKDAY(A22)=6,"pátek","sobota")))))) -> sobota | C22: 4 | D22: Návrh PCB
A23: 45949 | B23: =IF(WEEKDAY(A23)=1, "neděle",IF(WEEKDAY(A23)=2,"pondělí",IF(WEEKDAY(A23)=3,"úterý",IF(WEEKDAY(A23)=4,"středa",IF(WEEKDAY(A23)=5,"čtvrtek",IF(WEEKDAY(A23)=6,"pátek","sobota")))))) -> neděle | C23: 0
A24: 45950 | B24: =IF(WEEKDAY(A24)=1, "neděle",IF(WEEKDAY(A24)=2,"pondělí",IF(WEEKDAY(A24)=3,"úterý",IF(WEEKDAY(A24)=4,"středa",IF(WEEKDAY(A24)=5,"čtvrtek",IF(WEEKDAY(A24)=6,"pátek","sobota")))))) -> pondělí | C24: 0
A25: 45951 | B25: =IF(WEEKDAY(A25)=1, "neděle",IF(WEEKDAY(A25)=2,"pondělí",IF(WEEKDAY(A25)=3,"úterý",IF(WEEKDAY(A25)=4,"středa",IF(WEEKDAY(A25)=5,"čtvrtek",IF(WEEKDAY(A25)=6,"pátek","sobota")))))) -> úterý | C25: 5 | D25: Test hardware funkci
A26: 45952 | B26: =IF(WEEKDAY(A26)=1, "neděle",IF(WEEKDAY(A26)=2,"pondělí",IF(WEEKDAY(A26)=3,"úterý",IF(WEEKDAY(A26)=4,"středa",IF(WEEKDAY(A26)=5,"čtvrtek",IF(WEEKDAY(A26)=6,"pátek","sobota")))))) -> středa | C26: 0
A27: 45953 | B27: =IF(WEEKDAY(A27)=1, "neděle",IF(WEEKDAY(A27)=2,"pondělí",IF(WEEKDAY(A27)=3,"úterý",IF(WEEKDAY(A27)=4,"středa",IF(WEEKDAY(A27)=5,"čtvrtek",IF(WEEKDAY(A27)=6,"pátek","sobota")))))) -> čtvrtek | C27: 5 | D27: Návrh PCB
A28: 45954 | B28: =IF(WEEKDAY(A28)=1, "neděle",IF(WEEKDAY(A28)=2,"pondělí",IF(WEEKDAY(A28)=3,"úterý",IF(WEEKDAY(A28)=4,"středa",IF(WEEKDAY(A28)=5,"čtvrtek",IF(WEEKDAY(A28)=6,"pátek","sobota")))))) -> pátek | C28: 7 | D28: Test hardware funkci
A29: 45955 | B29: =IF(WEEKDAY(A29)=1, "neděle",IF(WEEKDAY(A29)=2,"pondělí",IF(WEEKDAY(A29)=3,"úterý",IF(WEEKDAY(A29)=4,"středa",IF(WEEKDAY(A29)=5,"čtvrtek",IF(WEEKDAY(A29)=6,"pátek","sobota")))))) -> sobota | C29: 4 | D29: Test hardware funkci
A30: 45956 | B30: =IF(WEEKDAY(A30)=1, "neděle",IF(WEEKDAY(A30)=2,"pondělí",IF(WEEKDAY(A30)=3,"úterý",IF(WEEKDAY(A30)=4,"středa",IF(WEEKDAY(A30)=5,"čtvrtek",IF(WEEKDAY(A30)=6,"pátek","sobota")))))) -> neděle | C30: 7 | D30: Návrh PCB
A31: 45957 | B31: =IF(WEEKDAY(A31)=1, "neděle",IF(WEEKDAY(A31)=2,"pondělí",IF(WEEKDAY(A31)=3,"úterý",IF(WEEKDAY(A31)=4,"středa",IF(WEEKDAY(A31)=5,"čtvrtek",IF(WEEKDAY(A31)=6,"pátek","sobota")))))) -> pondělí | C31: 0
A32: 45958 | B32: =IF(WEEKDAY(A32)=1, "neděle",IF(WEEKDAY(A32)=2,"pondělí",IF(WEEKDAY(A32)=3,"úterý",IF(WEEKDAY(A32)=4,"středa",IF(WEEKDAY(A32)=5,"čtvrtek",IF(WEEKDAY(A32)=6,"pátek","sobota")))))) -> úterý | C32: 2 | D32: Dokumentace
A33: 45959 | B33: =IF(WEEKDAY(A33)=1, "neděle",IF(WEEKDAY(A33)=2,"pondělí",IF(WEEKDAY(A33)=3,"úterý",IF(WEEKDAY(A33)=4,"středa",IF(WEEKDAY(A33)=5,"čtvrtek",IF(WEEKDAY(A33)=6,"pátek","sobota")))))) -> středa | C33: 0
A34: 45960 | B34: =IF(WEEKDAY(A34)=1, "neděle",IF(WEEKDAY(A34)=2,"pondělí",IF(WEEKDAY(A34)=3,"úterý",IF(WEEKDAY(A34)=4,"středa",IF(WEEKDAY(A34)=5,"čtvrtek",IF(WEEKDAY(A34)=6,"pátek","sobota")))))) -> čtvrtek | C34: 0
A35: 45961 | B35: =IF(WEEKDAY(A35)=1, "neděle",IF(WEEKDAY(A35)=2,"pondělí",IF(WEEKDAY(A35)=3,"úterý",IF(WEEKDAY(A35)=4,"středa",IF(WEEKDAY(A35)=5,"čtvrtek",IF(WEEKDAY(A35)=6,"pátek","sobota")))))) -> pátek | C35: 0
A36: celkem | C36: =SUM(C5:C35) -> 187 | D36: =COUNT(C5:C35) -> 31
A38: Konzultant
A39: jméno | B39: datum | C39: hodin
A40: Ing. Jaroslav Bušek Ph.D | B40: 45940 | C40: 1 | D40: Vysvětlení magnetometru
A57: celkem | C57: =SUM(C40:C56) -> 1 | D57: =COUNT(C40:C56) -> 1

Sheet listopad
A1: Pracovní výkaz za měsíc | C1: listopad | D1: 2024 | R1: =NOW() -> 46083.522
A3: Zaměstnanec (žák)
A4: datum | B4: den | C4: odpracováno hodin | D4: náplň práce (stručně)
A5: 45962 | B5: =IF(WEEKDAY(A5)=1, "neděle",IF(WEEKDAY(A5)=2,"pondělí",IF(WEEKDAY(A5)=3,"úterý",IF(WEEKDAY(A5)=4,"středa",IF(WEEKDAY(A5)=5,"čtvrtek",IF(WEEKDAY(A5)=6,"pátek","sobota")))))) -> sobota | C5: 4 | D5: Návrh PCB
A6: 45963 | B6: =IF(WEEKDAY(A6)=1, "neděle",IF(WEEKDAY(A6)=2,"pondělí",IF(WEEKDAY(A6)=3,"úterý",IF(WEEKDAY(A6)=4,"středa",IF(WEEKDAY(A6)=5,"čtvrtek",IF(WEEKDAY(A6)=6,"pátek","sobota")))))) -> neděle | C6: 0
A7: 45964 | B7: =IF(WEEKDAY(A7)=1, "neděle",IF(WEEKDAY(A7)=2,"pondělí",IF(WEEKDAY(A7)=3,"úterý",IF(WEEKDAY(A7)=4,"středa",IF(WEEKDAY(A7)=5,"čtvrtek",IF(WEEKDAY(A7)=6,"pátek","sobota")))))) -> pondělí | C7: 5 | D7: Dokumentace
A8: 45965 | B8: =IF(WEEKDAY(A8)=1, "neděle",IF(WEEKDAY(A8)=2,"pondělí",IF(WEEKDAY(A8)=3,"úterý",IF(WEEKDAY(A8)=4,"středa",IF(WEEKDAY(A8)=5,"čtvrtek",IF(WEEKDAY(A8)=6,"pátek","sobota")))))) -> úterý | C8: 6 | D8: Programování
A9: 45966 | B9: =IF(WEEKDAY(A9)=1, "neděle",IF(WEEKDAY(A9)=2,"pondělí",IF(WEEKDAY(A9)=3,"úterý",IF(WEEKDAY(A9)=4,"středa",IF(WEEKDAY(A9)=5,"čtvrtek",IF(WEEKDAY(A9)=6,"pátek","sobota")))))) -> středa | C9: 6 | D9: 3D Model
A10: 45967 | B10: =IF(WEEKDAY(A10)=1, "neděle",IF(WEEKDAY(A10)=2,"pondělí",IF(WEEKDAY(A10)=3,"úterý",IF(WEEKDAY(A10)=4,"středa",IF(WEEKDAY(A10)=5,"čtvrtek",IF(WEEKDAY(A10)=6,"pátek","sobota")))))) -> čtvrtek | C10: 0
A11: 45968 | B11: =IF(WEEKDAY(A11)=1, "neděle",IF(WEEKDAY(A11)=2,"pondělí",IF(WEEKDAY(A11)=3,"úterý",IF(WEEKDAY(A11)=4,"středa",IF(WEEKDAY(A11)=5,"čtvrtek",IF(WEEKDAY(A11)=6,"pátek","sobota")))))) -> pátek | C11: 3 | D11: Vytvoření BOM
A12: 45969 | B12: =IF(WEEKDAY(A12)=1, "neděle",IF(WEEKDAY(A12)=2,"pondělí",IF(WEEKDAY(A12)=3,"úterý",IF(WEEKDAY(A12)=4,"středa",IF(WEEKDAY(A12)=5,"čtvrtek",IF(WEEKDAY(A12)=6,"pátek","sobota")))))) -> sobota | C12: 4 | D12: Návrh PCB
A13: 45970 | B13: =IF(WEEKDAY(A13)=1, "neděle",IF(WEEKDAY(A13)=2,"pondělí",IF(WEEKDAY(A13)=3,"úterý",IF(WEEKDAY(A13)=4,"středa",IF(WEEKDAY(A13)=5,"čtvrtek",IF(WEEKDAY(A13)=6,"pátek","sobota")))))) -> neděle | C13: 5 | D13: Návrh PCB
A14: 45971 | B14: =IF(WEEKDAY(A14)=1, "neděle",IF(WEEKDAY(A14)=2,"pondělí",IF(WEEKDAY(A14)=3,"úterý",IF(WEEKDAY(A14)=4,"středa",IF(WEEKDAY(A14)=5,"čtvrtek",IF(WEEKDAY(A14)=6,"pátek","sobota")))))) -> pondělí | C14: 0
A15: 45972 | B15: =IF(WEEKDAY(A15)=1, "neděle",IF(WEEKDAY(A15)=2,"pondělí",IF(WEEKDAY(A15)=3,"úterý",IF(WEEKDAY(A15)=4,"středa",IF(WEEKDAY(A15)=5,"čtvrtek",IF(WEEKDAY(A15)=6,"pátek","sobota")))))) -> úterý | C15: 5 | D15: 3D Model
A16: 45973 | B16: =IF(WEEKDAY(A16)=1, "neděle",IF(WEEKDAY(A16)=2,"pondělí",IF(WEEKDAY(A16)=3,"úterý",IF(WEEKDAY(A16)=4,"středa",IF(WEEKDAY(A16)=5,"čtvrtek",IF(WEEKDAY(A16)=6,"pátek","sobota")))))) -> středa | C16: 5 | D16: 3D Model
A17: 45974 | B17: =IF(WEEKDAY(A17)=1, "neděle",IF(WEEKDAY(A17)=2,"pondělí",IF(WEEKDAY(A17)=3,"úterý",IF(WEEKDAY(A17)=4,"středa",IF(WEEKDAY(A17)=5,"čtvrtek",IF(WEEKDAY(A17)=6,"pátek","sobota")))))) -> čtvrtek | C17: 3 | D17: Vytvoření BOM
A18: 45975 | B18: =IF(WEEKDAY(A18)=1, "neděle",IF(WEEKDAY(A18)=2,"pondělí",IF(WEEKDAY(A18)=3,"úterý",IF(WEEKDAY(A18)=4,"středa",IF(WEEKDAY(A18)=5,"čtvrtek",IF(WEEKDAY(A18)=6,"pátek","sobota")))))) -> pátek | C18: 0
A19: 45976 | B19: =IF(WEEKDAY(A19)=1, "neděle",IF(WEEKDAY(A19)=2,"pondělí",IF(WEEKDAY(A19)=3,"úterý",IF(WEEKDAY(A19)=4,"středa",IF(WEEKDAY(A19)=5,"čtvrtek",IF(WEEKDAY(A19)=6,"pátek","sobota")))))) -> sobota | C19: 5 | D19: Dokumentace
A20: 45977 | B20: =IF(WEEKDAY(A20)=1, "neděle",IF(WEEKDAY(A20)=2,"pondělí",IF(WEEKDAY(A20)=3,"úterý",IF(WEEKDAY(A20)=4,"středa",IF(WEEKDAY(A20)=5,"čtvrtek",IF(WEEKDAY(A20)=6,"pátek","sobota")))))) -> neděle | C20: 4 | D20: Dokumentace
A21: 45978 | B21: =IF(WEEKDAY(A21)=1, "neděle",IF(WEEKDAY(A21)=2,"pondělí",IF(WEEKDAY(A21)=3,"úterý",IF(WEEKDAY(A21)=4,"středa",IF(WEEKDAY(A21)=5,"čtvrtek",IF(WEEKDAY(A21)=6,"pátek","sobota")))))) -> pondělí | C21: 0
A22: 45979 | B22: =IF(WEEKDAY(A22)=1, "neděle",IF(WEEKDAY(A22)=2,"pondělí",IF(WEEKDAY(A22)=3,"úterý",IF(WEEKDAY(A22)=4,"středa",IF(WEEKDAY(A22)=5,"čtvrtek",IF(WEEKDAY(A22)=6,"pátek","sobota")))))) -> úterý | C22: 7 | D22: Návrh PCB
A23: 45980 | B23: =IF(WEEKDAY(A23)=1, "neděle",IF(WEEKDAY(A23)=2,"pondělí",IF(WEEKDAY(A23)=3,"úterý",IF(WEEKDAY(A23)=4,"středa",IF(WEEKDAY(A23)=5,"čtvrtek",IF(WEEKDAY(A23)=6,"pátek","sobota")))))) -> středa | C23: 3 | D23: Návrh PCB
A24: 45981 | B24: =IF(WEEKDAY(A24)=1, "neděle",IF(WEEKDAY(A24)=2,"pondělí",IF(WEEKDAY(A24)=3,"úterý",IF(WEEKDAY(A24)=4,"středa",IF(WEEKDAY(A24)=5,"čtvrtek",IF(WEEKDAY(A24)=6,"pátek","sobota")))))) -> čtvrtek | C24: 8 | D24: Návrh PCB
A25: 45982 | B25: =IF(WEEKDAY(A25)=1, "neděle",IF(WEEKDAY(A25)=2,"pondělí",IF(WEEKDAY(A25)=3,"úterý",IF(WEEKDAY(A25)=4,"středa",IF(WEEKDAY(A25)=5,"čtvrtek",IF(WEEKDAY(A25)=6,"pátek","sobota")))))) -> pátek | C25: 0
A26: 45983 | B26: =IF(WEEKDAY(A26)=1, "neděle",IF(WEEKDAY(A26)=2,"pondělí",IF(WEEKDAY(A26)=3,"úterý",IF(WEEKDAY(A26)=4,"středa",IF(WEEKDAY(A26)=5,"čtvrtek",IF(WEEKDAY(A26)=6,"pátek","sobota")))))) -> sobota | C26: 0
A27: 45984 | B27: =IF(WEEKDAY(A27)=1, "neděle",IF(WEEKDAY(A27)=2,"pondělí",IF(WEEKDAY(A27)=3,"úterý",IF(WEEKDAY(A27)=4,"středa",IF(WEEKDAY(A27)=5,"čtvrtek",IF(WEEKDAY(A27)=6,"pátek","sobota")))))) -> neděle | C27: 0
A28: 45985 | B28: =IF(WEEKDAY(A28)=1, "neděle",IF(WEEKDAY(A28)=2,"pondělí",IF(WEEKDAY(A28)=3,"úterý",IF(WEEKDAY(A28)=4,"středa",IF(WEEKDAY(A28)=5,"čtvrtek",IF(WEEKDAY(A28)=6,"pátek","sobota")))))) -> pondělí | C28: 0
A29: 45986 | B29: =IF(WEEKDAY(A29)=1, "neděle",IF(WEEKDAY(A29)=2,"pondělí",IF(WEEKDAY(A29)=3,"úterý",IF(WEEKDAY(A29)=4,"středa",IF(WEEKDAY(A29)=5,"čtvrtek",IF(WEEKDAY(A29)=6,"pátek","sobota")))))) -> úterý | C29: 4 | D29: Test hardware funkci
A30: 45987 | B30: =IF(WEEKDAY(A30)=1, "neděle",IF(WEEKDAY(A30)=2,"pondělí",IF(WEEKDAY(A30)=3,"úterý",IF(WEEKDAY(A30)=4,"středa",IF(WEEKDAY(A30)=5,"čtvrtek",IF(WEEKDAY(A30)=6,"pátek","sobota")))))) -> středa | C30: 7 | D30: 3D Model
A31: 45988 | B31: =IF(WEEKDAY(A31)=1, "neděle",IF(WEEKDAY(A31)=2,"pondělí",IF(WEEKDAY(A31)=3,"úterý",IF(WEEKDAY(A31)=4,"středa",IF(WEEKDAY(A31)=5,"čtvrtek",IF(WEEKDAY(A31)=6,"pátek","sobota")))))) -> čtvrtek | C31: 4 | D31: Dokumentace
A32: 45989 | B32: =IF(WEEKDAY(A32)=1, "neděle",IF(WEEKDAY(A32)=2,"pondělí",IF(WEEKDAY(A32)=3,"úterý",IF(WEEKDAY(A32)=4,"středa",IF(WEEKDAY(A32)=5,"čtvrtek",IF(WEEKDAY(A32)=6,"pátek","sobota")))))) -> pátek | C32: 0
A33: 45990 | B33: =IF(WEEKDAY(A33)=1, "neděle",IF(WEEKDAY(A33)=2,"pondělí",IF(WEEKDAY(A33)=3,"úterý",IF(WEEKDAY(A33)=4,"středa",IF(WEEKDAY(A33)=5,"čtvrtek",IF(WEEKDAY(A33)=6,"pátek","sobota")))))) -> sobota | C33: 4 | D33: Návrh PCB
A34: 45991 | B34: =IF(WEEKDAY(A34)=1, "neděle",IF(WEEKDAY(A34)=2,"pondělí",IF(WEEKDAY(A34)=3,"úterý",IF(WEEKDAY(A34)=4,"středa",IF(WEEKDAY(A34)=5,"čtvrtek",IF(WEEKDAY(A34)=6,"pátek","sobota")))))) -> neděle | C34: 4 | D34: Programování
A36: celkem | C36: =SUM(C5:C34) -> 96 | D36: =COUNT(C5:C34) -> 30
A38: Konzultant
A39: jméno | B39: datum | C39: hodin
A40: Roselyn Natani Šimáčková | B40: 45991 | C40: 3 | D40: Progrmování webserveru
A41: Jonáš Jarý | B41: 45972 | C41: 2 | D41: 3D modelování v SW "Inventor"
A57: celkem | C57: =SUM(C40:C56) -> 5 | D57: =COUNT(C40:C56) -> 2

Sheet prosinec
A1: Pracovní výkaz za měsíc | C1: prosinec | D1: 2024 | R1: =NOW() -> 46083.522
A3: Zaměstnanec (žák)
A4: datum | B4: den | C4: odpracováno hodin | D4: náplň práce (stručně)
A5: 45992 | B5: =IF(WEEKDAY(A5)=1, "neděle",IF(WEEKDAY(A5)=2,"pondělí",IF(WEEKDAY(A5)=3,"úterý",IF(WEEKDAY(A5)=4,"středa",IF(WEEKDAY(A5)=5,"čtvrtek",IF(WEEKDAY(A5)=6,"pátek","sobota")))))) -> pondělí | C5: 6 | D5: 3D Model
A6: 45993 | B6: =IF(WEEKDAY(A6)=1, "neděle",IF(WEEKDAY(A6)=2,"pondělí",IF(WEEKDAY(A6)=3,"úterý",IF(WEEKDAY(A6)=4,"středa",IF(WEEKDAY(A6)=5,"čtvrtek",IF(WEEKDAY(A6)=6,"pátek","sobota")))))) -> úterý | C6: 0
A7: 45994 | B7: =IF(WEEKDAY(A7)=1, "neděle",IF(WEEKDAY(A7)=2,"pondělí",IF(WEEKDAY(A7)=3,"úterý",IF(WEEKDAY(A7)=4,"středa",IF(WEEKDAY(A7)=5,"čtvrtek",IF(WEEKDAY(A7)=6,"pátek","sobota")))))) -> středa | C7: 2 | D7: 3D Model
A8: 45995 | B8: =IF(WEEKDAY(A8)=1, "neděle",IF(WEEKDAY(A8)=2,"pondělí",IF(WEEKDAY(A8)=3,"úterý",IF(WEEKDAY(A8)=4,"středa",IF(WEEKDAY(A8)=5,"čtvrtek",IF(WEEKDAY(A8)=6,"pátek","sobota")))))) -> čtvrtek | C8: 0
A9: 45996 | B9: =IF(WEEKDAY(A9)=1, "neděle",IF(WEEKDAY(A9)=2,"pondělí",IF(WEEKDAY(A9)=3,"úterý",IF(WEEKDAY(A9)=4,"středa",IF(WEEKDAY(A9)=5,"čtvrtek",IF(WEEKDAY(A9)=6,"pátek","sobota")))))) -> pátek | C9: 3 | D9: 3D Model
A10: 45997 | B10: =IF(WEEKDAY(A10)=1, "neděle",IF(WEEKDAY(A10)=2,"pondělí",IF(WEEKDAY(A10)=3,"úterý",IF(WEEKDAY(A10)=4,"středa",IF(WEEKDAY(A10)=5,"čtvrtek",IF(WEEKDAY(A10)=6,"pátek","sobota")))))) -> sobota | C10: 1 | D10: Návrh PCB
A11: 45998 | B11: =IF(WEEKDAY(A11)=1, "neděle",IF(WEEKDAY(A11)=2,"pondělí",IF(WEEKDAY(A11)=3,"úterý",IF(WEEKDAY(A11)=4,"středa",IF(WEEKDAY(A11)=5,"čtvrtek",IF(WEEKDAY(A11)=6,"pátek","sobota")))))) -> neděle | C11: 5 | D11: 3D Model
A12: 45999 | B12: =IF(WEEKDAY(A12)=1, "neděle",IF(WEEKDAY(A12)=2,"pondělí",IF(WEEKDAY(A12)=3,"úterý",IF(WEEKDAY(A12)=4,"středa",IF(WEEKDAY(A12)=5,"čtvrtek",IF(WEEKDAY(A12)=6,"pátek","sobota")))))) -> pondělí | C12: 4 | D12: Návrh PCB
A13: 46000 | B13: =IF(WEEKDAY(A13)=1, "neděle",IF(WEEKDAY(A13)=2,"pondělí",IF(WEEKDAY(A13)=3,"úterý",IF(WEEKDAY(A13)=4,"středa",IF(WEEKDAY(A13)=5,"čtvrtek",IF(WEEKDAY(A13)=6,"pátek","sobota")))))) -> úterý | C13: 0
A14: 46001 | B14: =IF(WEEKDAY(A14)=1, "neděle",IF(WEEKDAY(A14)=2,"pondělí",IF(WEEKDAY(A14)=3,"úterý",IF(WEEKDAY(A14)=4,"středa",IF(WEEKDAY(A14)=5,"čtvrtek",IF(WEEKDAY(A14)=6,"pátek","sobota")))))) -> středa | C14: 1 | D14: Dokumentace
A15: 46002 | B15: =IF(WEEKDAY(A15)=1, "neděle",IF(WEEKDAY(A15)=2,"pondělí",IF(WEEKDAY(A15)=3,"úterý",IF(WEEKDAY(A15)=4,"středa",IF(WEEKDAY(A15)=5,"čtvrtek",IF(WEEKDAY(A15)=6,"pátek","sobota")))))) -> čtvrtek | C15: 2 | D15: Vytvoření BOM
A16: 46003 | B16: =IF(WEEKDAY(A16)=1, "neděle",IF(WEEKDAY(A16)=2,"pondělí",IF(WEEKDAY(A16)=3,"úterý",IF(WEEKDAY(A16)=4,"středa",IF(WEEKDAY(A16)=5,"čtvrtek",IF(WEEKDAY(A16)=6,"pátek","sobota")))))) -> pátek | C16: 5 | D16: 3D Model
A17: 46004 | B17: =IF(WEEKDAY(A17)=1, "neděle",IF(WEEKDAY(A17)=2,"pondělí",IF(WEEKDAY(A17)=3,"úterý",IF(WEEKDAY(A17)=4,"středa",IF(WEEKDAY(A17)=5,"čtvrtek",IF(WEEKDAY(A17)=6,"pátek","sobota")))))) -> sobota | C17: 7 | D17: Dokumentace, Návrh PCB
A18: 46005 | B18: =IF(WEEKDAY(A18)=1, "neděle",IF(WEEKDAY(A18)=2,"pondělí",IF(WEEKDAY(A18)=3,"úterý",IF(WEEKDAY(A18)=4,"středa",IF(WEEKDAY(A18)=5,"čtvrtek",IF(WEEKDAY(A18)=6,"pátek","sobota")))))) -> neděle | C18: 0
A19: 46006 | B19: =IF(WEEKDAY(A19)=1, "neděle",IF(WEEKDAY(A19)=2,"pondělí",IF(WEEKDAY(A19)=3,"úterý",IF(WEEKDAY(A19)=4,"středa",IF(WEEKDAY(A19)=5,"čtvrtek",IF(WEEKDAY(A19)=6,"pátek","sobota")))))) -> pondělí | C19: 5 | D19: Návrh PCB
A20: 46007 | B20: =IF(WEEKDAY(A20)=1, "neděle",IF(WEEKDAY(A20)=2,"pondělí",IF(WEEKDAY(A20)=3,"úterý",IF(WEEKDAY(A20)=4,"středa",IF(WEEKDAY(A20)=5,"čtvrtek",IF(WEEKDAY(A20)=6,"pátek","sobota")))))) -> úterý | C20: 4 | D20: Dokumentace
A21: 46008 | B21: =IF(WEEKDAY(A21)=1, "neděle",IF(WEEKDAY(A21)=2,"pondělí",IF(WEEKDAY(A21)=3,"úterý",IF(WEEKDAY(A21)=4,"středa",IF(WEEKDAY(A21)=5,"čtvrtek",IF(WEEKDAY(A21)=6,"pátek","sobota")))))) -> středa | C21: 0
A22: 46009 | B22: =IF(WEEKDAY(A22)=1, "neděle",IF(WEEKDAY(A22)=2,"pondělí",IF(WEEKDAY(A22)=3,"úterý",IF(WEEKDAY(A22)=4,"středa",IF(WEEKDAY(A22)=5,"čtvrtek",IF(WEEKDAY(A22)=6,"pátek","sobota")))))) -> čtvrtek | C22: 6 | D22: 3D Model
A23: 46010 | B23: =IF(WEEKDAY(A23)=1, "neděle",IF(WEEKDAY(A23)=2,"pondělí",IF(WEEKDAY(A23)=3,"úterý",IF(WEEKDAY(A23)=4,"středa",IF(WEEKDAY(A23)=5,"čtvrtek",IF(WEEKDAY(A23)=6,"pátek","sobota")))))) -> pátek | C23: 3 | D23: Návrh PCB
A24: 46011 | B24: =IF(WEEKDAY(A24)=1, "neděle",IF(WEEKDAY(A24)=2,"pondělí",IF(WEEKDAY(A24)=3,"úterý",IF(WEEKDAY(A24)=4,"středa",IF(WEEKDAY(A24)=5,"čtvrtek",IF(WEEKDAY(A24)=6,"pátek","sobota")))))) -> sobota | C24: 0
A25: 46012 | B25: =IF(WEEKDAY(A25)=1, "neděle",IF(WEEKDAY(A25)=2,"pondělí",IF(WEEKDAY(A25)=3,"úterý",IF(WEEKDAY(A25)=4,"středa",IF(WEEKDAY(A25)=5,"čtvrtek",IF(WEEKDAY(A25)=6,"pátek","sobota")))))) -> neděle | C25: 3 | D25: Dokumentace
A26: 46013 | B26: =IF(WEEKDAY(A26)=1, "neděle",IF(WEEKDAY(A26)=2,"pondělí",IF(WEEKDAY(A26)=3,"úterý",IF(WEEKDAY(A26)=4,"středa",IF(WEEKDAY(A26)=5,"čtvrtek",IF(WEEKDAY(A26)=6,"pátek","sobota")))))) -> pondělí | C26: 8 | D26: 3D Model, Programování
A27: 46014 | B27: =IF(WEEKDAY(A27)=1, "neděle",IF(WEEKDAY(A27)=2,"pondělí",IF(WEEKDAY(A27)=3,"úterý",IF(WEEKDAY(A27)=4,"středa",IF(WEEKDAY(A27)=5,"čtvrtek",IF(WEEKDAY(A27)=6,"pátek","sobota")))))) -> úterý | C27: 5 | D27: Programování
A28: 46015 | B28: =IF(WEEKDAY(A28)=1, "neděle",IF(WEEKDAY(A28)=2,"pondělí",IF(WEEKDAY(A28)=3,"úterý",IF(WEEKDAY(A28)=4,"středa",IF(WEEKDAY(A28)=5,"čtvrtek",IF(WEEKDAY(A28)=6,"pátek","sobota")))))) -> středa | C28: 4 | D28: 3D Model
A29: 46016 | B29: =IF(WEEKDAY(A29)=1, "neděle",IF(WEEKDAY(A29)=2,"pondělí",IF(WEEKDAY(A29)=3,"úterý",IF(WEEKDAY(A29)=4,"středa",IF(WEEKDAY(A29)=5,"čtvrtek",IF(WEEKDAY(A29)=6,"pátek","sobota")))))) -> čtvrtek | C29: 7 | D29: 3D Model
A30: 46017 | B30: =IF(WEEKDAY(A30)=1, "neděle",IF(WEEKDAY(A30)=2,"pondělí",IF(WEEKDAY(A30)=3,"úterý",IF(WEEKDAY(A30)=4,"středa",IF(WEEKDAY(A30)=5,"čtvrtek",IF(WEEKDAY(A30)=6,"pátek","sobota")))))) -> pátek | C30: 0
A31: 46018 | B31: =IF(WEEKDAY(A31)=1, "neděle",IF(WEEKDAY(A31)=2,"pondělí",IF(WEEKDAY(A31)=3,"úterý",IF(WEEKDAY(A31)=4,"středa",IF(WEEKDAY(A31)=5,"čtvrtek",IF(WEEKDAY(A31)=6,"pátek","sobota")))))) -> sobota | C31: 5 | D31: 3D Model
A32: 46019 | B32: =IF(WEEKDAY(A32)=1, "neděle",IF(WEEKDAY(A32)=2,"pondělí",IF(WEEKDAY(A32)=3,"úterý",IF(WEEKDAY(A32)=4,"středa",IF(WEEKDAY(A32)=5,"čtvrtek",IF(WEEKDAY(A32)=6,"pátek","sobota")))))) -> neděle | C32: 6 | D32: Programování
A33: 46020 | B33: =IF(WEEKDAY(A33)=1, "neděle",IF(WEEKDAY(A33)=2,"pondělí",IF(WEEKDAY(A33)=3,"úterý",IF(WEEKDAY(A33)=4,"středa",IF(WEEKDAY(A33)=5,"čtvrtek",IF(WEEKDAY(A33)=6,"pátek","sobota")))))) -> pondělí | C33: 2 | D33: Programování
A34: 46021 | B34: =IF(WEEKDAY(A34)=1, "neděle",IF(WEEKDAY(A34)=2,"pondělí",IF(WEEKDAY(A34)=3,"úterý",IF(WEEKDAY(A34)=4,"středa",IF(WEEKDAY(A34)=5,"čtvrtek",IF(WEEKDAY(A34)=6,"pátek","sobota")))))) -> úterý | C34: 0
A35: 46022 | B35: =IF(WEEKDAY(A35)=1, "neděle",IF(WEEKDAY(A35)=2,"pondělí",IF(WEEKDAY(A35)=3,"úterý",IF(WEEKDAY(A35)=4,"středa",IF(WEEKDAY(A35)=5,"čtvrtek",IF(WEEKDAY(A35)=6,"pátek","sobota")))))) -> středa
A36: celkem | C36: =SUM(C5:C35) -> 94 | D36: =COUNT(C5:C35) -> 30
A38: Konzultant
A39: jméno | B39: datum | C39: hodin
A40: Roselyn Natani Šimáčková | B40: 46019 | C40: 3 | D40: Data parsing pro posuvné registry
A41: Jonáš Jarý | B41: 46012 | C41: 1 | D41: Dokumentace v SW "Word"
A57: celkem | C57: =SUM(C40:C56) -> 4 | D57: =COUNT(C40:C56) -> 2

Sheet leden
A1: Pracovní výkaz za měsíc | C1: leden | D1: 2025 | R1: =NOW() -> 46083.522
A3: Zaměstnanec (žák)
A4: datum | B4: den | C4: odpracováno hodin | D4: náplň práce (stručně)
A5: 46023 | B5: =IF(WEEKDAY(A5)=1, "neděle",IF(WEEKDAY(A5)=2,"pondělí",IF(WEEKDAY(A5)=3,"úterý",IF(WEEKDAY(A5)=4,"středa",IF(WEEKDAY(A5)=5,"čtvrtek",IF(WEEKDAY(A5)=6,"pátek","sobota")))))) -> čtvrtek | C5: 5 | D5: Programování
A6: 46024 | B6: =IF(WEEKDAY(A6)=1, "neděle",IF(WEEKDAY(A6)=2,"pondělí",IF(WEEKDAY(A6)=3,"úterý",IF(WEEKDAY(A6)=4,"středa",IF(WEEKDAY(A6)=5,"čtvrtek",IF(WEEKDAY(A6)=6,"pátek","sobota")))))) -> pátek | C6: 4 | D6: Programování
A7: 46025 | B7: =IF(WEEKDAY(A7)=1, "neděle",IF(WEEKDAY(A7)=2,"pondělí",IF(WEEKDAY(A7)=3,"úterý",IF(WEEKDAY(A7)=4,"středa",IF(WEEKDAY(A7)=5,"čtvrtek",IF(WEEKDAY(A7)=6,"pátek","sobota")))))) -> sobota | C7: 2 | D7: 3D Model
A8: 46026 | B8: =IF(WEEKDAY(A8)=1, "neděle",IF(WEEKDAY(A8)=2,"pondělí",IF(WEEKDAY(A8)=3,"úterý",IF(WEEKDAY(A8)=4,"středa",IF(WEEKDAY(A8)=5,"čtvrtek",IF(WEEKDAY(A8)=6,"pátek","sobota")))))) -> neděle | C8: 3 | D8: 3D Model
A9: 46027 | B9: =IF(WEEKDAY(A9)=1, "neděle",IF(WEEKDAY(A9)=2,"pondělí",IF(WEEKDAY(A9)=3,"úterý",IF(WEEKDAY(A9)=4,"středa",IF(WEEKDAY(A9)=5,"čtvrtek",IF(WEEKDAY(A9)=6,"pátek","sobota")))))) -> pondělí | C9: 0
A10: 46028 | B10: =IF(WEEKDAY(A10)=1, "neděle",IF(WEEKDAY(A10)=2,"pondělí",IF(WEEKDAY(A10)=3,"úterý",IF(WEEKDAY(A10)=4,"středa",IF(WEEKDAY(A10)=5,"čtvrtek",IF(WEEKDAY(A10)=6,"pátek","sobota")))))) -> úterý | C10: 0
A11: 46029 | B11: =IF(WEEKDAY(A11)=1, "neděle",IF(WEEKDAY(A11)=2,"pondělí",IF(WEEKDAY(A11)=3,"úterý",IF(WEEKDAY(A11)=4,"středa",IF(WEEKDAY(A11)=5,"čtvrtek",IF(WEEKDAY(A11)=6,"pátek","sobota")))))) -> středa | C11: 0
A12: 46030 | B12: =IF(WEEKDAY(A12)=1, "neděle",IF(WEEKDAY(A12)=2,"pondělí",IF(WEEKDAY(A12)=3,"úterý",IF(WEEKDAY(A12)=4,"středa",IF(WEEKDAY(A12)=5,"čtvrtek",IF(WEEKDAY(A12)=6,"pátek","sobota")))))) -> čtvrtek | C12: 0
A13: 46031 | B13: =IF(WEEKDAY(A13)=1, "neděle",IF(WEEKDAY(A13)=2,"pondělí",IF(WEEKDAY(A13)=3,"úterý",IF(WEEKDAY(A13)=4,"středa",IF(WEEKDAY(A13)=5,"čtvrtek",IF(WEEKDAY(A13)=6,"pátek","sobota")))))) -> pátek | C13: 0
A14: 46032 | B14: =IF(WEEKDAY(A14)=1, "neděle",IF(WEEKDAY(A14)=2,"pondělí",IF(WEEKDAY(A14)=3,"úterý",IF(WEEKDAY(A14)=4,"středa",IF(WEEKDAY(A14)=5,"čtvrtek",IF(WEEKDAY(A14)=6,"pátek","sobota")))))) -> sobota | C14: 0
A15: 46033 | B15: =IF(WEEKDAY(A15)=1, "neděle",IF(WEEKDAY(A15)=2,"pondělí",IF(WEEKDAY(A15)=3,"úterý",IF(WEEKDAY(A15)=4,"středa",IF(WEEKDAY(A15)=5,"čtvrtek",IF(WEEKDAY(A15)=6,"pátek","sobota")))))) -> neděle | C15: 0
A16: 46034 | B16: =IF(WEEKDAY(A16)=1, "neděle",IF(WEEKDAY(A16)=2,"pondělí",IF(WEEKDAY(A16)=3,"úterý",IF(WEEKDAY(A16)=4,"středa",IF(WEEKDAY(A16)=5,"čtvrtek",IF(WEEKDAY(A16)=6,"pátek","sobota")))))) -> pondělí | C16: 2 | D16: Dokumentace
A17: 46035 | B17: =IF(WEEKDAY(A17)=1, "neděle",IF(WEEKDAY(A17)=2,"pondělí",IF(WEEKDAY(A17)=3,"úterý",IF(WEEKDAY(A17)=4,"středa",IF(WEEKDAY(A17)=5,"čtvrtek",IF(WEEKDAY(A17)=6,"pátek","sobota")))))) -> úterý | C17: 0
A18: 46036 | B18: =IF(WEEKDAY(A18)=1, "neděle",IF(WEEKDAY(A18)=2,"pondělí",IF(WEEKDAY(A18)=3,"úterý",IF(WEEKDAY(A18)=4,"středa",IF(WEEKDAY(A18)=5,"čtvrtek",IF(WEEKDAY(A18)=6,"pátek","sobota")))))) -> středa | C18: 5 | D18: Programování, Pájení PCB. Hardware testing
A19: 46037 | B19: =IF(WEEKDAY(A19)=1, "neděle",IF(WEEKDAY(A19)=2,"pondělí",IF(WEEKDAY(A19)=3,"úterý",IF(WEEKDAY(A19)=4,"středa",IF(WEEKDAY(A19)=5,"čtvrtek",IF(WEEKDAY(A19)=6,"pátek","sobota")))))) -> čtvrtek | C19: 2 | D19: Programování
A20: 46038 | B20: =IF(WEEKDAY(A20)=1, "neděle",IF(WEEKDAY(A20)=2,"pondělí",IF(WEEKDAY(A20)=3,"úterý",IF(WEEKDAY(A20)=4,"středa",IF(WEEKDAY(A20)=5,"čtvrtek",IF(WEEKDAY(A20)=6,"pátek","sobota")))))) -> pátek | C20: 2 | D20: Programování
A21: 46039 | B21: =IF(WEEKDAY(A21)=1, "neděle",IF(WEEKDAY(A21)=2,"pondělí",IF(WEEKDAY(A21)=3,"úterý",IF(WEEKDAY(A21)=4,"středa",IF(WEEKDAY(A21)=5,"čtvrtek",IF(WEEKDAY(A21)=6,"pátek","sobota")))))) -> sobota | C21: 0
A22: 46040 | B22: =IF(WEEKDAY(A22)=1, "neděle",IF(WEEKDAY(A22)=2,"pondělí",IF(WEEKDAY(A22)=3,"úterý",IF(WEEKDAY(A22)=4,"středa",IF(WEEKDAY(A22)=5,"čtvrtek",IF(WEEKDAY(A22)=6,"pátek","sobota")))))) -> neděle | C22: 3 | D22: Pájení PCB. Hardware testing
A23: 46041 | B23: =IF(WEEKDAY(A23)=1, "neděle",IF(WEEKDAY(A23)=2,"pondělí",IF(WEEKDAY(A23)=3,"úterý",IF(WEEKDAY(A23)=4,"středa",IF(WEEKDAY(A23)=5,"čtvrtek",IF(WEEKDAY(A23)=6,"pátek","sobota")))))) -> pondělí | C23: 2 | D23: Pájení PCB, Hardware testing
A24: 46042 | B24: =IF(WEEKDAY(A24)=1, "neděle",IF(WEEKDAY(A24)=2,"pondělí",IF(WEEKDAY(A24)=3,"úterý",IF(WEEKDAY(A24)=4,"středa",IF(WEEKDAY(A24)=5,"čtvrtek",IF(WEEKDAY(A24)=6,"pátek","sobota")))))) -> úterý | C24: 4 | D24: Hardware testing, Pájení PCB, Oprava Indikatoru
A25: 46043 | B25: =IF(WEEKDAY(A25)=1, "neděle",IF(WEEKDAY(A25)=2,"pondělí",IF(WEEKDAY(A25)=3,"úterý",IF(WEEKDAY(A25)=4,"středa",IF(WEEKDAY(A25)=5,"čtvrtek",IF(WEEKDAY(A25)=6,"pátek","sobota")))))) -> středa | C25: 0
A26: 46044 | B26: =IF(WEEKDAY(A26)=1, "neděle",IF(WEEKDAY(A26)=2,"pondělí",IF(WEEKDAY(A26)=3,"úterý",IF(WEEKDAY(A26)=4,"středa",IF(WEEKDAY(A26)=5,"čtvrtek",IF(WEEKDAY(A26)=6,"pátek","sobota")))))) -> čtvrtek | C26: 0
A27: 46045 | B27: =IF(WEEKDAY(A27)=1, "neděle",IF(WEEKDAY(A27)=2,"pondělí",IF(WEEKDAY(A27)=3,"úterý",IF(WEEKDAY(A27)=4,"středa",IF(WEEKDAY(A27)=5,"čtvrtek",IF(WEEKDAY(A27)=6,"pátek","sobota")))))) -> pátek | C27: 0
A28: 46046 | B28: =IF(WEEKDAY(A28)=1, "neděle",IF(WEEKDAY(A28)=2,"pondělí",IF(WEEKDAY(A28)=3,"úterý",IF(WEEKDAY(A28)=4,"středa",IF(WEEKDAY(A28)=5,"čtvrtek",IF(WEEKDAY(A28)=6,"pátek","sobota")))))) -> sobota | C28: 0
A29: 46047 | B29: =IF(WEEKDAY(A29)=1, "neděle",IF(WEEKDAY(A29)=2,"pondělí",IF(WEEKDAY(A29)=3,"úterý",IF(WEEKDAY(A29)=4,"středa",IF(WEEKDAY(A29)=5,"čtvrtek",IF(WEEKDAY(A29)=6,"pátek","sobota")))))) -> neděle | C29: 4 | D29: Dokumentace
A30: 46048 | B30: =IF(WEEKDAY(A30)=1, "neděle",IF(WEEKDAY(A30)=2,"pondělí",IF(WEEKDAY(A30)=3,"úterý",IF(WEEKDAY(A30)=4,"středa",IF(WEEKDAY(A30)=5,"čtvrtek",IF(WEEKDAY(A30)=6,"pátek","sobota")))))) -> pondělí | C30: 2 | D30: Programování
A31: 46049 | B31: =IF(WEEKDAY(A31)=1, "neděle",IF(WEEKDAY(A31)=2,"pondělí",IF(WEEKDAY(A31)=3,"úterý",IF(WEEKDAY(A31)=4,"středa",IF(WEEKDAY(A31)=5,"čtvrtek",IF(WEEKDAY(A31)=6,"pátek","sobota")))))) -> úterý | C31: 3 | D31: Programování
A32: 46050 | B32: =IF(WEEKDAY(A32)=1, "neděle",IF(WEEKDAY(A32)=2,"pondělí",IF(WEEKDAY(A32)=3,"úterý",IF(WEEKDAY(A32)=4,"středa",IF(WEEKDAY(A32)=5,"čtvrtek",IF(WEEKDAY(A32)=6,"pátek","sobota")))))) -> středa | C32: 5 | D32: Programování
A33: 46051 | B33: =IF(WEEKDAY(A33)=1, "neděle",IF(WEEKDAY(A33)=2,"pondělí",IF(WEEKDAY(A33)=3,"úterý",IF(WEEKDAY(A33)=4,"středa",IF(WEEKDAY(A33)=5,"čtvrtek",IF(WEEKDAY(A33)=6,"pátek","sobota")))))) -> čtvrtek | C33: 0
A34: 46052 | B34: =IF(WEEKDAY(A34)=1, "neděle",IF(WEEKDAY(A34)=2,"pondělí",IF(WEEKDAY(A34)=3,"úterý",IF(WEEKDAY(A34)=4,"středa",IF(WEEKDAY(A34)=5,"čtvrtek",IF(WEEKDAY(A34)=6,"pátek","sobota")))))) -> pátek | C34: 4 | D34: Programování
A35: 46053 | B35: =IF(WEEKDAY(A35)=1, "neděle",IF(WEEKDAY(A35)=2,"pondělí",IF(WEEKDAY(A35)=3,"úterý",IF(WEEKDAY(A35)=4,"středa",IF(WEEKDAY(A35)=5,"čtvrtek",IF(WEEKDAY(A35)=6,"pátek","sobota")))))) -> sobota | C35: 0
A36: celkem | C36: =SUM(C5:C35) -> 52 | D36: =COUNT(C5:C35) -> 31
A38: Konzultant
A39: jméno | B39: datum | C39: hodin
A40: Ing. Jaroslav Bušek Ph.D | B40: 46031 | C40: 1 | D40: Troubleshooting DC-DC zdroje
A41: Roselyn Natani Šimáčková | B41: 46024 | C41: 2 | D41: Programování 7-segmentového displeje
A57: celkem | C57: =SUM(C40:C56) -> 3 | D57: =COUNT(C40:C56) -> 2

Sheet únor
A1: Pracovní výkaz za měsíc | C1: únor | D1: 2025 | R1: =NOW() -> 46083.522
A3: Zaměstnanec (žák)
A4: datum | B4: den | C4: odpracováno hodin | D4: náplň práce (stručně)
A5: 46054 | B5: =IF(WEEKDAY(A5)=1, "neděle",IF(WEEKDAY(A5)=2,"pondělí",IF(WEEKDAY(A5)=3,"úterý",IF(WEEKDAY(A5)=4,"středa",IF(WEEKDAY(A5)=5,"čtvrtek",IF(WEEKDAY(A5)=6,"pátek","sobota")))))) -> neděle | C5: 2 | D5: Programování
A6: 46055 | B6: =IF(WEEKDAY(A6)=1, "neděle",IF(WEEKDAY(A6)=2,"pondělí",IF(WEEKDAY(A6)=3,"úterý",IF(WEEKDAY(A6)=4,"středa",IF(WEEKDAY(A6)=5,"čtvrtek",IF(WEEKDAY(A6)=6,"pátek","sobota")))))) -> pondělí | C6: 0
A7: 46056 | B7: =IF(WEEKDAY(A7)=1, "neděle",IF(WEEKDAY(A7)=2,"pondělí",IF(WEEKDAY(A7)=3,"úterý",IF(WEEKDAY(A7)=4,"středa",IF(WEEKDAY(A7)=5,"čtvrtek",IF(WEEKDAY(A7)=6,"pátek","sobota")))))) -> úterý | C7: 3 | D7: Dokumentace
A8: 46057 | B8: =IF(WEEKDAY(A8)=1, "neděle",IF(WEEKDAY(A8)=2,"pondělí",IF(WEEKDAY(A8)=3,"úterý",IF(WEEKDAY(A8)=4,"středa",IF(WEEKDAY(A8)=5,"čtvrtek",IF(WEEKDAY(A8)=6,"pátek","sobota")))))) -> středa | C8: 0
A9: 46058 | B9: =IF(WEEKDAY(A9)=1, "neděle",IF(WEEKDAY(A9)=2,"pondělí",IF(WEEKDAY(A9)=3,"úterý",IF(WEEKDAY(A9)=4,"středa",IF(WEEKDAY(A9)=5,"čtvrtek",IF(WEEKDAY(A9)=6,"pátek","sobota")))))) -> čtvrtek | C9: 1 | D9: Programování
A10: 46059 | B10: =IF(WEEKDAY(A10)=1, "neděle",IF(WEEKDAY(A10)=2,"pondělí",IF(WEEKDAY(A10)=3,"úterý",IF(WEEKDAY(A10)=4,"středa",IF(WEEKDAY(A10)=5,"čtvrtek",IF(WEEKDAY(A10)=6,"pátek","sobota")))))) -> pátek | C10: 0
A11: 46060 | B11: =IF(WEEKDAY(A11)=1, "neděle",IF(WEEKDAY(A11)=2,"pondělí",IF(WEEKDAY(A11)=3,"úterý",IF(WEEKDAY(A11)=4,"středa",IF(WEEKDAY(A11)=5,"čtvrtek",IF(WEEKDAY(A11)=6,"pátek","sobota")))))) -> sobota | C11: 3 | D11: Programování
A12: 46061 | B12: =IF(WEEKDAY(A12)=1, "neděle",IF(WEEKDAY(A12)=2,"pondělí",IF(WEEKDAY(A12)=3,"úterý",IF(WEEKDAY(A12)=4,"středa",IF(WEEKDAY(A12)=5,"čtvrtek",IF(WEEKDAY(A12)=6,"pátek","sobota")))))) -> neděle | C12: 5 | D12: Programování
A13: 46062 | B13: =IF(WEEKDAY(A13)=1, "neděle",IF(WEEKDAY(A13)=2,"pondělí",IF(WEEKDAY(A13)=3,"úterý",IF(WEEKDAY(A13)=4,"středa",IF(WEEKDAY(A13)=5,"čtvrtek",IF(WEEKDAY(A13)=6,"pátek","sobota")))))) -> pondělí | C13: 0
A14: 46063 | B14: =IF(WEEKDAY(A14)=1, "neděle",IF(WEEKDAY(A14)=2,"pondělí",IF(WEEKDAY(A14)=3,"úterý",IF(WEEKDAY(A14)=4,"středa",IF(WEEKDAY(A14)=5,"čtvrtek",IF(WEEKDAY(A14)=6,"pátek","sobota")))))) -> úterý | C14: 0
A15: 46064 | B15: =IF(WEEKDAY(A15)=1, "neděle",IF(WEEKDAY(A15)=2,"pondělí",IF(WEEKDAY(A15)=3,"úterý",IF(WEEKDAY(A15)=4,"středa",IF(WEEKDAY(A15)=5,"čtvrtek",IF(WEEKDAY(A15)=6,"pátek","sobota")))))) -> středa | C15: 0
A16: 46065 | B16: =IF(WEEKDAY(A16)=1, "neděle",IF(WEEKDAY(A16)=2,"pondělí",IF(WEEKDAY(A16)=3,"úterý",IF(WEEKDAY(A16)=4,"středa",IF(WEEKDAY(A16)=5,"čtvrtek",IF(WEEKDAY(A16)=6,"pátek","sobota")))))) -> čtvrtek | C16: 0
A17: 46066 | B17: =IF(WEEKDAY(A17)=1, "neděle",IF(WEEKDAY(A17)=2,"pondělí",IF(WEEKDAY(A17)=3,"úterý",IF(WEEKDAY(A17)=4,"středa",IF(WEEKDAY(A17)=5,"čtvrtek",IF(WEEKDAY(A17)=6,"pátek","sobota")))))) -> pátek | C17: 3 | D17: Dokumentace
A18: 46067 | B18: =IF(WEEKDAY(A18)=1, "neděle",IF(WEEKDAY(A18)=2,"pondělí",IF(WEEKDAY(A18)=3,"úterý",IF(WEEKDAY(A18)=4,"středa",IF(WEEKDAY(A18)=5,"čtvrtek",IF(WEEKDAY(A18)=6,"pátek","sobota")))))) -> sobota | C18: 0
A19: 46068 | B19: =IF(WEEKDAY(A19)=1, "neděle",IF(WEEKDAY(A19)=2,"pondělí",IF(WEEKDAY(A19)=3,"úterý",IF(WEEKDAY(A19)=4,"středa",IF(WEEKDAY(A19)=5,"čtvrtek",IF(WEEKDAY(A19)=6,"pátek","sobota")))))) -> neděle | C19: 0
A20: 46069 | B20: =IF(WEEKDAY(A20)=1, "neděle",IF(WEEKDAY(A20)=2,"pondělí",IF(WEEKDAY(A20)=3,"úterý",IF(WEEKDAY(A20)=4,"středa",IF(WEEKDAY(A20)=5,"čtvrtek",IF(WEEKDAY(A20)=6,"pátek","sobota")))))) -> pondělí | C20: 0
A21: 46070 | B21: =IF(WEEKDAY(A21)=1, "neděle",IF(WEEKDAY(A21)=2,"pondělí",IF(WEEKDAY(A21)=3,"úterý",IF(WEEKDAY(A21)=4,"středa",IF(WEEKDAY(A21)=5,"čtvrtek",IF(WEEKDAY(A21)=6,"pátek","sobota")))))) -> úterý | C21: 0
A22: 46071 | B22: =IF(WEEKDAY(A22)=1, "neděle",IF(WEEKDAY(A22)=2,"pondělí",IF(WEEKDAY(A22)=3,"úterý",IF(WEEKDAY(A22)=4,"středa",IF(WEEKDAY(A22)=5,"čtvrtek",IF(WEEKDAY(A22)=6,"pátek","sobota")))))) -> středa | C22: 0
A23: 46072 | B23: =IF(WEEKDAY(A23)=1, "neděle",IF(WEEKDAY(A23)=2,"pondělí",IF(WEEKDAY(A23)=3,"úterý",IF(WEEKDAY(A23)=4,"středa",IF(WEEKDAY(A23)=5,"čtvrtek",IF(WEEKDAY(A23)=6,"pátek","sobota")))))) -> čtvrtek | C23: 2 | D23: Programování
A24: 46073 | B24: =IF(WEEKDAY(A24)=1, "neděle",IF(WEEKDAY(A24)=2,"pondělí",IF(WEEKDAY(A24)=3,"úterý",IF(WEEKDAY(A24)=4,"středa",IF(WEEKDAY(A24)=5,"čtvrtek",IF(WEEKDAY(A24)=6,"pátek","sobota")))))) -> pátek | C24: 0
A25: 46074 | B25: =IF(WEEKDAY(A25)=1, "neděle",IF(WEEKDAY(A25)=2,"pondělí",IF(WEEKDAY(A25)=3,"úterý",IF(WEEKDAY(A25)=4,"středa",IF(WEEKDAY(A25)=5,"čtvrtek",IF(WEEKDAY(A25)=6,"pátek","sobota")))))) -> sobota | C25: 2 | D25: Dokumentace
A26: 46075 | B26: =IF(WEEKDAY(A26)=1, "neděle",IF(WEEKDAY(A26)=2,"pondělí",IF(WEEKDAY(A26)=3,"úterý",IF(WEEKDAY(A26)=4,"středa",IF(WEEKDAY(A26)=5,"čtvrtek",IF(WEEKDAY(A26)=6,"pátek","sobota")))))) -> neděle | C26: 2
A27: 46076 | B27: =IF(WEEKDAY(A27)=1, "neděle",IF(WEEKDAY(A27)=2,"pondělí",IF(WEEKDAY(A27)=3,"úterý",IF(WEEKDAY(A27)=4,"středa",IF(WEEKDAY(A27)=5,"čtvrtek",IF(WEEKDAY(A27)=6,"pátek","sobota")))))) -> pondělí | C27: 6 | D27: Programování
A28: 46077 | B28: =IF(WEEKDAY(A28)=1, "neděle",IF(WEEKDAY(A28)=2,"pondělí",IF(WEEKDAY(A28)=3,"úterý",IF(WEEKDAY(A28)=4,"středa",IF(WEEKDAY(A28)=5,"čtvrtek",IF(WEEKDAY(A28)=6,"pátek","sobota")))))) -> úterý | C28: 5 | D28: Programování
A29: 46078 | B29: =IF(WEEKDAY(A29)=1, "neděle",IF(WEEKDAY(A29)=2,"pondělí",IF(WEEKDAY(A29)=3,"úterý",IF(WEEKDAY(A29)=4,"středa",IF(WEEKDAY(A29)=5,"čtvrtek",IF(WEEKDAY(A29)=6,"pátek","sobota")))))) -> středa | C29: 0
A30: 46079 | B30: =IF(WEEKDAY(A30)=1, "neděle",IF(WEEKDAY(A30)=2,"pondělí",IF(WEEKDAY(A30)=3,"úterý",IF(WEEKDAY(A30)=4,"středa",IF(WEEKDAY(A30)=5,"čtvrtek",IF(WEEKDAY(A30)=6,"pátek","sobota")))))) -> čtvrtek | C30: 4 | D30: Práce nad videodokumentací projektu
A31: 46080 | B31: =IF(WEEKDAY(A31)=1, "neděle",IF(WEEKDAY(A31)=2,"pondělí",IF(WEEKDAY(A31)=3,"úterý",IF(WEEKDAY(A31)=4,"středa",IF(WEEKDAY(A31)=5,"čtvrtek",IF(WEEKDAY(A31)=6,"pátek","sobota")))))) -> pátek | C31: 5 | D31: Práce nad videodokumentací projektu
A32: 46081 | B32: =IF(WEEKDAY(A32)=1, "neděle",IF(WEEKDAY(A32)=2,"pondělí",IF(WEEKDAY(A32)=3,"úterý",IF(WEEKDAY(A32)=4,"středa",IF(WEEKDAY(A32)=5,"čtvrtek",IF(WEEKDAY(A32)=6,"pátek","sobota")))))) -> sobota | C32: 3 | D32: Práce nad videodokumentací projektu
A36: celkem | C36: =SUM(C5:C35) -> 46 | D36: =COUNT(C5:C32) -> 28
A38: Konzultant
A39: jméno | B39: datum | C39: hodin
A57: celkem | C57: =SUM(C40:C56) -> 0 | D57: =COUNT(C40:C56) -> 0

Sheet březen
A1: Pracovní výkaz za měsíc | C1: březen | D1: 2025 | R1: =NOW() -> 46083.522
A3: Zaměstnanec (žák)
A4: datum | B4: den | C4: odpracováno hodin | D4: náplň práce (stručně)
A5: 46082 | B5: =IF(WEEKDAY(A5)=1, "neděle",IF(WEEKDAY(A5)=2,"pondělí",IF(WEEKDAY(A5)=3,"úterý",IF(WEEKDAY(A5)=4,"středa",IF(WEEKDAY(A5)=5,"čtvrtek",IF(WEEKDAY(A5)=6,"pátek","sobota")))))) -> neděle | C5: 5 | D5: Uprava dokumentace před odevzdáním
A6: 46083
A7: 46084
A8: 46085
A9: 46086
A10: 46087
A11: 46088
A12: 46089
A13: 46090
A14: 46091
A15: 46092
A16: 46093
A17: 46094
... A35: 46112
A36: celkem | C36: =SUM(C5:C35) -> 5 | D36: =COUNT(C5:C35) -> 1
A38: Konzultant
A39: jméno | B39: datum | C39: hodin
A57: celkem | C57: =SUM(C40:C56) -> 0 | D57: =COUNT(C40:C56) -> 0
